{"stats":{"minecraft:custom":{"minecraft:jump":23,"minecraft:time_since_rest":12099,"minecraft:sprint_one_cm":4636,"minecraft:crouch_one_cm":50,"minecraft:walk_on_water_one_cm":217,"minecraft:leave_game":2,"minecraft:play_time":12099,"minecraft:damage_taken":30,"minecraft:time_since_death":12099,"minecraft:walk_one_cm":6305,"minecraft:sneak_time":4,"minecraft:total_world_time":12099,"minecraft:walk_under_water_one_cm":54,"minecraft:fall_one_cm":569,"minecraft:fly_one_cm":11990}},"DataVersion":3465}